{"(100, 1)": [0.7690530735186741, 0.8441962003707886, 108.10720443725586], "(100, 12)": [0.45058128597606717, 0.8262105584144592, 116.25217485427856], "(300, 1)": [0.8387870195955315, 0.5869056582450867, 196.13868165016174], "(300, 12)": [0.82440261072145, 0.3735642433166504, 191.71593976020813], "(500, 1)": [0.8287651770810817, 0.5489690899848938, 296.5398328304291], "(500, 12)": [0.8541448835656165, 0.708008885383606, 305.1957130432129], "(700, 1)": [0.8488368283244627, 0.4559704661369324, 344.2533791065216], "(700, 12)": [0.8415941120743181, 0.5945498943328857, 494.6334083080292]}