{"(500, [0], 10)": [0.7374690416166497, 0.7434751987457275, 183.90636825561523], "(500, [0], 30)": [0.7373957326967675, 0.7261308431625366, 259.45267057418823], "(500, [0, 1, 2, 3, 4, 5, 6, 7, 8, 9, 10, 11], 10)": [0.6338778046843109, 0.7804868817329407, 187.66677379608154], "(500, [0, 1, 2, 3, 4, 5, 6, 7, 8, 9, 10, 11], 30)": [0.7600057329148305, 0.689182698726654, 272.89808320999146], "(1000, [0], 10)": [0.6978996735840827, 1.076952338218689, 177.5198905467987], "(1000, [0], 30)": [0.7906219811579946, 0.6057668924331665, 250.20948958396912], "(1000, [0, 1, 2, 3, 4, 5, 6, 7, 8, 9, 10, 11], 10)": [0.7880764613053247, 0.5967661738395691, 185.0493447780609], "(1000, [0, 1, 2, 3, 4, 5, 6, 7, 8, 9, 10, 11], 30)": [0.8102938589020111, 0.4300839602947235, 221.6230182647705], "(2500, [0], 10)": [0.7734933774361771, 0.5401325821876526, 187.06945300102234], "(2500, [0], 30)": [0.8300565343739686, 0.675886869430542, 222.3784897327423], "(2500, [0, 1, 2, 3, 4, 5, 6, 7, 8, 9, 10, 11], 10)": [0.8107556159231698, 0.5894409418106079, 201.71100068092346], "(2500, [0, 1, 2, 3, 4, 5, 6, 7, 8, 9, 10, 11], 30)": [0.8240576951042607, 0.5834634900093079, 262.4613664150238], "(5000, [0], 10)": [0.8596126150806471, 0.34745341539382935, 222.79109406471252], "(5000, [0], 30)": [0.8604224217008104, 0.49627411365509033, 375.51824951171875], "(5000, [0, 1, 2, 3, 4, 5, 6, 7, 8, 9, 10, 11], 10)": [0.25210084033613445, 1.0815120935440063, 199.2659294605255], "(5000, [0, 1, 2, 3, 4, 5, 6, 7, 8, 9, 10, 11], 30)": [0.852987080380789, 0.5815154910087585, 414.3404314517975], "(7000, [0], 10)": [0.8493008801989345, 0.7131608724594116, 263.17270946502686], "(7000, [0], 30)": [0.8468278351162838, 0.347747266292572, 390.92106556892395], "(7000, [0, 1, 2, 3, 4, 5, 6, 7, 8, 9, 10, 11], 10)": [0.8418610945089641, 0.9389658570289612, 322.6252353191376], "(7000, [0, 1, 2, 3, 4, 5, 6, 7, 8, 9, 10, 11], 30)": [0.8630058956701449, 0.44003769755363464, 640.3314874172211], "(10000, [0], 10)": [0.7638367367543322, 0.6983482837677002, 281.66704630851746], "(10000, [0], 30)": [0.8368946489236845, 0.8539667725563049, 364.94500732421875], "(10000, [0, 1, 2, 3, 4, 5, 6, 7, 8, 9, 10, 11], 10)": [0.8386882237226118, 0.7952436208724976, 342.578320980072], "(10000, [0, 1, 2, 3, 4, 5, 6, 7, 8, 9, 10, 11], 30)": [0.8646124448360116, 0.4262862503528595, 649.2532742023468]}