{"(100, 1)": [0.6835756400548002, 0.5941076278686523, 71.07523465156555], "(100, 12)": [0.733358773627546, 0.5242969393730164, 116.27707242965698], "(300, 1)": [0.8055279239901455, 0.686561107635498, 221.98675203323364], "(300, 12)": [0.834792497059018, 0.652626097202301, 236.68341279029846], "(500, 1)": [0.8341411227002263, 0.46367383003234863, 235.91132521629333], "(500, 12)": [0.8248851596092007, 0.5664724111557007, 337.81670022010803], "(700, 1)": [0.838993423382275, 0.7405721545219421, 419.6680064201355], "(700, 12)": [0.8594368948242229, 0.4013594686985016, 416.41192841529846]}