{"(500, [0], 10)": [0.738779247126231, 0.8636531829833984, 183.28469228744507], "(500, [0], 30)": [0.750851473577118, 0.640817403793335, 290.0139808654785], "(500, [0, 1, 2, 3, 4, 5, 6, 7, 8, 9, 10, 11], 10)": [0.780055092304042, 0.7693462371826172, 184.4010009765625], "(500, [0, 1, 2, 3, 4, 5, 6, 7, 8, 9, 10, 11], 30)": [0.7223350897812365, 0.6052523851394653, 269.20858097076416], "(1000, [0], 10)": [0.667676356496295, 0.6756101846694946, 193.68833780288696], "(1000, [0], 30)": [0.7691745902774402, 1.0361789464950562, 212.7830331325531], "(1000, [0, 1, 2, 3, 4, 5, 6, 7, 8, 9, 10, 11], 10)": [0.7985710144458157, 0.8246459364891052, 196.86904954910278], "(1000, [0, 1, 2, 3, 4, 5, 6, 7, 8, 9, 10, 11], 30)": [0.7698060132188669, 0.6681610345840454, 213.60891342163086], "(2500, [0], 10)": [0.7770422674027063, 0.4787941575050354, 180.93351459503174], "(2500, [0], 30)": [0.8135668958156851, 0.5894094705581665, 234.2978835105896], "(2500, [0, 1, 2, 3, 4, 5, 6, 7, 8, 9, 10, 11], 10)": [0.839740517422599, 0.35397854447364807, 204.65818333625793], "(2500, [0, 1, 2, 3, 4, 5, 6, 7, 8, 9, 10, 11], 30)": [0.8153066710593718, 0.5340654253959656, 224.7862410545349], "(5000, [0], 10)": [0.8351821354333518, 0.4783102571964264, 211.86589574813843], "(5000, [0], 30)": [0.8602301262334592, 0.6761846542358398, 316.429584980011], "(5000, [0, 1, 2, 3, 4, 5, 6, 7, 8, 9, 10, 11], 10)": [0.8360133097960049, 0.5488554239273071, 236.73840022087097], "(5000, [0, 1, 2, 3, 4, 5, 6, 7, 8, 9, 10, 11], 30)": [0.8492024261488856, 0.4347034692764282, 353.99991178512573], "(7000, [0], 10)": [0.755641342240197, 0.8119433522224426, 261.10861110687256], "(7000, [0], 30)": [0.25210084033613445, 1.0819848775863647, 311.27533173561096], "(7000, [0, 1, 2, 3, 4, 5, 6, 7, 8, 9, 10, 11], 10)": [0.8504887078221506, 0.7742538452148438, 299.69074988365173], "(7000, [0, 1, 2, 3, 4, 5, 6, 7, 8, 9, 10, 11], 30)": [0.8643055266189137, 0.5434505939483643, 505.74479842185974], "(10000, [0], 10)": [0.8192721017775441, 0.6600276827812195, 613.1699550151825], "(10000, [0], 30)": [0.8568951599161608, 0.3989536166191101, 421.57458448410034], "(10000, [0, 1, 2, 3, 4, 5, 6, 7, 8, 9, 10, 11], 10)": [0.8571564038653734, 0.8758718371391296, 343.28751826286316], "(10000, [0, 1, 2, 3, 4, 5, 6, 7, 8, 9, 10, 11], 30)": [0.8586677747019303, 0.4421795904636383, 580.9376585483551]}