{"(500, [0], 10)": [0.7343902732377697, 0.7485421299934387, 182.73995161056519], "(500, [0], 30)": [0.7402856572529201, 0.8771734237670898, 258.78309082984924], "(500, [0, 1, 2, 3, 4, 5, 6, 7, 8, 9, 10, 11], 10)": [0.7425631194607996, 0.847233235836029, 187.65006756782532], "(500, [0, 1, 2, 3, 4, 5, 6, 7, 8, 9, 10, 11], 30)": [0.7585199757093068, 0.98491370677948, 337.1521291732788], "(1000, [0], 10)": [0.7577592574132744, 0.622621476650238, 176.77600026130676], "(1000, [0], 30)": [0.7673654027779797, 0.6902536153793335, 229.79285979270935], "(1000, [0, 1, 2, 3, 4, 5, 6, 7, 8, 9, 10, 11], 10)": [0.7689923211113051, 0.5810720920562744, 178.71423268318176], "(1000, [0, 1, 2, 3, 4, 5, 6, 7, 8, 9, 10, 11], 30)": [0.7666671204040254, 0.736319363117218, 177.8458435535431], "(2500, [0], 10)": [0.84179404306885, 0.5639410018920898, 181.50743961334229], "(2500, [0], 30)": [0.8270768375413896, 0.721638023853302, 290.5970571041107], "(2500, [0, 1, 2, 3, 4, 5, 6, 7, 8, 9, 10, 11], 10)": [0.8425229627634253, 0.9119792580604553, 196.97763109207153], "(2500, [0, 1, 2, 3, 4, 5, 6, 7, 8, 9, 10, 11], 30)": [0.8392934597399307, 0.6028562784194946, 274.68034863471985], "(5000, [0], 10)": [0.7394862892580526, 0.6948951482772827, 221.56134796142578], "(5000, [0], 30)": [0.8518656872869586, 0.5427459478378296, 374.0753381252289], "(5000, [0, 1, 2, 3, 4, 5, 6, 7, 8, 9, 10, 11], 10)": [0.8373034816239692, 0.6956695318222046, 244.4019386768341], "(5000, [0, 1, 2, 3, 4, 5, 6, 7, 8, 9, 10, 11], 30)": [0.8417948342626712, 0.6107544898986816, 560.3489844799042], "(7000, [0], 10)": [0.7645243348145468, 0.9396955370903015, 269.690470457077], "(7000, [0], 30)": [0.8548544817035962, 0.4640045762062073, 487.12374806404114], "(7000, [0, 1, 2, 3, 4, 5, 6, 7, 8, 9, 10, 11], 10)": [0.834031482179789, 0.7453485727310181, 306.52568793296814], "(7000, [0, 1, 2, 3, 4, 5, 6, 7, 8, 9, 10, 11], 30)": [0.4070306779843855, 1.0809873342514038, 399.8495740890503], "(10000, [0], 10)": [0.8326496800822621, 0.44200634956359863, 294.1344735622406], "(10000, [0], 30)": [0.8481852316641634, 0.7172914743423462, 409.2544414997101], "(10000, [0, 1, 2, 3, 4, 5, 6, 7, 8, 9, 10, 11], 10)": [0.25210084033613445, 1.0816586017608643, 210.9949972629547], "(10000, [0, 1, 2, 3, 4, 5, 6, 7, 8, 9, 10, 11], 30)": [0.8305366299159683, 0.5063190460205078, 592.7763421535492]}