{"(100, 1)": [0.7585018102535024, 0.4834038019180298, 83.82296752929688], "(100, 12)": [0.7855502150341759, 0.6643284559249878, 146.77249217033386], "(300, 1)": [0.8287408527832542, 0.44416943192481995, 207.82751536369324], "(300, 12)": [0.8179714412662186, 0.45733946561813354, 267.9062111377716], "(500, 1)": [0.829788807502266, 0.4767923653125763, 197.90533709526062], "(500, 12)": [0.8285332125576116, 0.4553176760673523, 280.0967061519623], "(700, 1)": [0.8055641401439656, 0.7206150889396667, 317.60958194732666], "(700, 12)": [0.8641853537131707, 0.5172512531280518, 432.0300579071045]}