{"(100, 1)": [0.7872975532866183, 0.5600411891937256, 91.38927340507507], "(100, 12)": [0.6398108381335823, 0.8883059620857239, 115.62683367729187], "(300, 1)": [0.8251932414955215, 0.7581992745399475, 184.63721299171448], "(300, 12)": [0.8295119983452047, 0.4454859793186188, 248.78387999534607], "(500, 1)": [0.8379920883934587, 0.8379007577896118, 297.42605781555176], "(500, 12)": [0.8578413137832714, 0.35978609323501587, 339.8910129070282], "(700, 1)": [0.8497484663901181, 0.7144372463226318, 370.97193479537964], "(700, 12)": [0.8553034970642943, 0.5725959539413452, 451.2760396003723]}