{"(500, [0], 10)": [0.6989702507004516, 0.7845000624656677, 179.88631319999695], "(500, [0], 30)": [0.7433572444558004, 0.7515493631362915, 215.62426376342773], "(500, [0, 1, 2, 3, 4, 5, 6, 7, 8, 9, 10, 11], 10)": [0.7541284266233447, 0.7656774520874023, 179.82001304626465], "(500, [0, 1, 2, 3, 4, 5, 6, 7, 8, 9, 10, 11], 30)": [0.7489106852121775, 0.6793947219848633, 263.2773141860962], "(1000, [0], 10)": [0.3691236413043479, 1.0137650966644287, 189.5337688922882], "(1000, [0], 30)": [0.7549845612378113, 0.6528379321098328, 221.16735982894897], "(1000, [0, 1, 2, 3, 4, 5, 6, 7, 8, 9, 10, 11], 10)": [0.6660729078570863, 0.7351011633872986, 193.04832458496094], "(1000, [0, 1, 2, 3, 4, 5, 6, 7, 8, 9, 10, 11], 30)": [0.8069126938117135, 0.8340131044387817, 289.6660532951355], "(2500, [0], 10)": [0.804557807402841, 0.626397967338562, 177.27916550636292], "(2500, [0], 30)": [0.8306340924769197, 0.4685894250869751, 246.94689655303955], "(2500, [0, 1, 2, 3, 4, 5, 6, 7, 8, 9, 10, 11], 10)": [0.8126502244509893, 1.0383062362670898, 195.16011309623718], "(2500, [0, 1, 2, 3, 4, 5, 6, 7, 8, 9, 10, 11], 30)": [0.8345823304563517, 0.5849584937095642, 310.1621608734131], "(5000, [0], 10)": [0.6554452191877845, 0.7002652883529663, 208.70001220703125], "(5000, [0], 30)": [0.8409637098011932, 0.526237428188324, 273.31664991378784], "(5000, [0, 1, 2, 3, 4, 5, 6, 7, 8, 9, 10, 11], 10)": [0.7641628168617342, 0.9709821939468384, 241.2962110042572], "(5000, [0, 1, 2, 3, 4, 5, 6, 7, 8, 9, 10, 11], 30)": [0.8452370663488691, 0.5184939503669739, 406.52386140823364], "(7000, [0], 10)": [0.8441790957327401, 0.5252576470375061, 261.29481863975525], "(7000, [0], 30)": [0.8311819240472609, 0.626204788684845, 263.2290017604828], "(7000, [0, 1, 2, 3, 4, 5, 6, 7, 8, 9, 10, 11], 10)": [0.7254532378788511, 0.8844423890113831, 300.6828966140747], "(7000, [0, 1, 2, 3, 4, 5, 6, 7, 8, 9, 10, 11], 30)": [0.8568069783472837, 0.6433001160621643, 540.4878971576691], "(10000, [0], 10)": [0.25215526672793315, 1.0816142559051514, 229.78719806671143], "(10000, [0], 30)": [0.8562517479280366, 0.3715893030166626, 457.56858825683594], "(10000, [0, 1, 2, 3, 4, 5, 6, 7, 8, 9, 10, 11], 10)": [0.8552751535738924, 0.46181657910346985, 634.3358006477356], "(10000, [0, 1, 2, 3, 4, 5, 6, 7, 8, 9, 10, 11], 30)": [0.8524105763333539, 0.6139742732048035, 438.8700132369995]}