{"(100, 1)": [0.41725740548304086, 0.8937376737594604, 70.08801531791687], "(100, 12)": [0.7732379519095708, 0.5059518218040466, 121.18847584724426], "(300, 1)": [0.8094079802580337, 0.6476040482521057, 169.89379572868347], "(300, 12)": [0.8264096779607998, 0.6284834146499634, 229.90066409111023], "(500, 1)": [0.8052312904410402, 0.5127503275871277, 331.88084173202515], "(500, 12)": [0.8353307601903893, 0.7627814412117004, 292.5009138584137], "(700, 1)": [0.8625384837067167, 0.4361881613731384, 394.5113649368286], "(700, 12)": [0.8668566751026754, 0.30064278841018677, 502.8312027454376]}