{"(100, 1)": [0.43850246529721865, 1.0968505144119263, 120.8537437915802], "(100, 12)": [0.7164894078160211, 0.6998207569122314, 90.29860234260559], "(300, 1)": [0.8104323876926008, 0.6374474763870239, 144.32149696350098], "(300, 12)": [0.8354001176288163, 0.3536394238471985, 275.2793529033661], "(500, 1)": [0.8308177167462077, 0.43776944279670715, 256.6967964172363], "(500, 12)": [0.8190752573096871, 0.45721161365509033, 294.2391571998596], "(700, 1)": [0.8517021443322176, 0.5868428349494934, 317.64403438568115], "(700, 12)": [0.8551791307809551, 0.8632383346557617, 418.34619331359863]}