{"(100, 1)": [0.7166345341544967, 0.6805867552757263, 95.90362071990967], "(100, 12)": [0.7518036187350888, 0.7647185921669006, 116.29086065292358], "(300, 1)": [0.814127631941485, 0.7316137552261353, 221.74399542808533], "(300, 12)": [0.8406938039466069, 0.5510236024856567, 254.08742260932922], "(500, 1)": [0.8529321787947813, 0.4433794319629669, 276.56387066841125], "(500, 12)": [0.8503411038213157, 0.42629098892211914, 302.3916742801666], "(700, 1)": [0.848972951660017, 0.5128639340400696, 422.91794896125793], "(700, 12)": [0.8431341028238641, 0.7554490566253662, 462.1214952468872]}