{"AF_0": [{"4": 0.8428017610375719, "8": 0.8505521167626066, "16": 0.8442225117337077, "32": 0.8507769682383346, "64": 0.8534412161790845}], "AF_1": [{"4": 0.8606837821187995, "8": 0.8358933316928486, "16": 0.8655697332406954, "32": 0.8698981138586661, "64": 0.8643167629406316}], "AF_2": [{"4": 0.848356154868055, "8": 0.8438070125491802, "16": 0.8484302927351027, "32": 0.8499219156579172, "64": 0.8503713919709085}], "AF_3": [{"4": 0.8593017074675594, "8": 0.859186972360321, "16": 0.8607282785095292, "32": 0.8629190382601809, "64": 0.8632163604717094}], "AF_4": [{"4": 0.843515896261545, "8": 0.8452096581254477, "16": 0.8508180907493973, "32": 0.8543140106101786, "64": 0.843685813325516}], "AF_5": [{"4": 0.8287133014899553, "8": 0.8281606438002657, "16": 0.8313857157371364, "32": 0.8396398424446699, "64": 0.8485486911205192}], "AF_6": [{"4": 0.8625029919925952, "8": 0.8662002530701995, "16": 0.52655723108376, "32": 0.8662671680312567, "64": 0.8690436574969979}], "AF_7": [{"4": 0.85574826675404, "8": 0.7145951061656444, "16": 0.8554756183253636, "32": 0.8537220192116771, "64": 0.8528750310612098}], "AF_8": [{"4": 0.8706597364290726, "8": 0.8708162857302219, "16": 0.6824078607903159, "32": 0.8702757521124936, "64": 0.8700658694860767}], "AF_9": [{"4": 0.8692097500375309, "8": 0.8692638705326935, "16": 0.8665577132750938, "32": 0.8687420389150174, "64": 0.4500907103133642}], "AF_10": [{"4": 0.8604357216696198, "8": 0.8530239813019089, "16": 0.856510606616169, "32": 0.8617527403140958, "64": 0.8657173325010404}], "AF_11": [{"4": 0.8528288348601355, "8": 0.8534204612212005, "16": 0.8585746069763225, "32": 0.8601778789170452, "64": 0.8628947203429042}], "IAVB_0": [{"4": 0.8245656833221263, "8": 0.817784118857046, "16": 0.8243439464065677, "32": 0.8242417635176751, "64": 0.8241570720821093}], "IAVB_1": [{"4": 0.8229705945699051, "8": 0.8222969509613974, "16": 0.8194388517996082, "32": 0.8250556586708621, "64": 0.8139025823929363}], "IAVB_2": [{"4": 0.8250626068699488, "8": 0.8131924105997714, "16": 0.8154581848727381, "32": 0.8252181025785924, "64": 0.8249557852877555}], "IAVB_3": [{"4": 0.802602131206185, "8": 0.8004377309104554, "16": 0.791393008731041, "32": 0.802812232994098, "64": 0.2611104116832431}], "IAVB_4": [{"4": 0.2611104116832431, "8": 0.2611104116832431, "16": 0.2767153474471688, "32": 0.3825002099277223, "64": 0.43034321391680425}], "IAVB_5": [{"4": 0.8257542602024776, "8": 0.8238624555839648, "16": 0.8232648471692593, "32": 0.8232328051425505, "64": 0.828968918263028}], "IAVB_6": [{"4": 0.8155969086232138, "8": 0.8163401240617358, "16": 0.8230614985854547, "32": 0.8206254679284225, "64": 0.8279106221148682}], "IAVB_7": [{"4": 0.8214147010103333, "8": 0.8220797224335928, "16": 0.8190473419971083, "32": 0.8247364367178408, "64": 0.8225542845126084}], "IAVB_8": [{"4": 0.7939964775829402, "8": 0.8079289050611703, "16": 0.8033778999214792, "32": 0.807707602390639, "64": 0.8167240425849513}], "IAVB_9": [{"4": 0.8235817141403153, "8": 0.5742686439024672, "16": 0.8212950699357635, "32": 0.8271557844251675, "64": 0.8252310862316817}], "IAVB_10": [{"4": 0.8295180727094803, "8": 0.8265142355439679, "16": 0.2611104116832431, "32": 0.753894435735015, "64": 0.8245431873350171}], "IAVB_11": [{"4": 0.8240614388728202, "8": 0.820657448735019, "16": 0.8250660389884864, "32": 0.821767901465658, "64": 0.825814137801893}], "LBBB_0": [{"4": 0.869203209444768, "8": 0.8675806675733481, "16": 0.8718609649995542, "32": 0.8730469314794632, "64": 0.8055283122671243}], "LBBB_1": [{"4": 0.8697187515656529, "8": 0.581475756282567, "16": 0.8772630232828283, "32": 0.8609719000992628, "64": 0.8741000939718031}], "LBBB_2": [{"4": 0.5609793213059872, "8": 0.8309433933202565, "16": 0.8192982246600624, "32": 0.8418428494321413, "64": 0.8476658657560612}], "LBBB_3": [{"4": 0.8322215596359595, "8": 0.8326010364189592, "16": 0.8530332435305698, "32": 0.857156065128489, "64": 0.8613608941041769}], "LBBB_4": [{"4": 0.3356144016079799, "8": 0.8739392538301921, "16": 0.870564794156106, "32": 0.8733604267151813, "64": 0.8699501992229818}], "LBBB_5": [{"4": 0.8286743513246192, "8": 0.41676377691628613, "16": 0.8508761003816461, "32": 0.8459571823450632, "64": 0.8497425107361937}], "LBBB_6": [{"4": 0.8776522502959784, "8": 0.8620602875498037, "16": 0.8732365741893711, "32": 0.8754887485953872, "64": 0.8734250451454807}], "LBBB_7": [{"4": 0.8423187858185234, "8": 0.7944236377333983, "16": 0.8438794833872737, "32": 0.8421000502464729, "64": 0.8474047776275246}], "LBBB_8": [{"4": 0.8521321248586915, "8": 0.856249928815828, "16": 0.858499162027614, "32": 0.8590359531536, "64": 0.8676822670569729}], "LBBB_9": [{"4": 0.3963478890653091, "8": 0.6534909789629966, "16": 0.8386764029436145, "32": 0.8613592698659179, "64": 0.7657965455699318}], "LBBB_10": [{"4": 0.8453154942680543, "8": 0.5684380864894131, "16": 0.836842700024978, "32": 0.8462108865349819, "64": 0.8492584773676626}], "LBBB_11": [{"4": 0.8585448486554282, "8": 0.8659020621749539, "16": 0.8650109111332912, "32": 0.8662480071105897, "64": 0.8667313636671522}], "PAC_0": [{"4": 0.26638122822482474, "8": 0.26638122822482474, "16": 0.26638122822482474, "32": 0.369062130587173, "64": 0.4289127062667239}], "PAC_1": [{"4": 0.7465306898404896, "8": 0.7538465661063295, "16": 0.7526401198484702, "32": 0.761944484893163, "64": 0.7588709598608713}], "PAC_2": [{"4": 0.7487668686413625, "8": 0.7498509099932716, "16": 0.7511825455052618, "32": 0.7537484581916972, "64": 0.7559745377684463}], "PAC_3": [{"4": 0.7307619253788133, "8": 0.7349209769506425, "16": 0.7370823380373578, "32": 0.7449041562187123, "64": 0.26638122822482474}], "PAC_4": [{"4": 0.717819851007678, "8": 0.7333813421281974, "16": 0.7320062269570178, "32": 0.7449608517540193, "64": 0.7424748701453069}], "PAC_5": [{"4": 0.5739412235551739, "8": 0.57893143415463, "16": 0.581229836529901, "32": 0.5813653787165696, "64": 0.5794348362577731}], "PAC_6": [{"4": 0.5763317110550144, "8": 0.4454240458331645, "16": 0.6461194666991948, "32": 0.5957403454085446, "64": 0.6920968281124025}], "PAC_7": [{"4": 0.4400898003667906, "8": 0.7006336967213449, "16": 0.6852759403934382, "32": 0.7143891725509478, "64": 0.7110547691256369}], "PAC_8": [{"4": 0.7517604044817955, "8": 0.7534262867187499, "16": 0.7578422346748681, "32": 0.7527326242288539, "64": 0.7569144157527647}], "PAC_9": [{"4": 0.26638122822482474, "8": 0.26638122822482474, "16": 0.26638122822482474, "32": 0.3303691259517254, "64": 0.3890338052199536}], "PAC_10": [{"4": 0.5425651901211722, "8": 0.5390418408954553, "16": 0.5360485056680545, "32": 0.5475858916621666, "64": 0.547872006273925}], "PAC_11": [{"4": 0.6978795721521894, "8": 0.6935271091291875, "16": 0.6950511445815669, "32": 0.7219109624010884, "64": 0.7256165674678451}], "PVC_0": [{"4": 0.580347740617686, "8": 0.5766792530614921, "16": 0.5809537134663283, "32": 0.5804409566148516, "64": 0.5755283053661714}], "PVC_1": [{"4": 0.5339201834816126, "8": 0.5340775178188905, "16": 0.5493234958942081, "32": 0.5606457098696356, "64": 0.5610634488724399}]}