{"(500, [0], 10)": [0.5504019010639426, 0.8454535603523254, 184.66643476486206], "(500, [0], 30)": [0.7532982728688205, 0.9801036715507507, 291.6721704006195], "(500, [0, 1, 2, 3, 4, 5, 6, 7, 8, 9, 10, 11], 10)": [0.7451897075598991, 0.7864748239517212, 184.80554914474487], "(500, [0, 1, 2, 3, 4, 5, 6, 7, 8, 9, 10, 11], 30)": [0.7427390292271178, 0.9937273263931274, 258.0931251049042], "(1000, [0], 10)": [0.764886118563334, 0.7101236581802368, 193.88902473449707], "(1000, [0], 30)": [0.7835172290792786, 0.533034086227417, 267.96242690086365], "(1000, [0, 1, 2, 3, 4, 5, 6, 7, 8, 9, 10, 11], 10)": [0.7711029041404688, 0.9427815079689026, 196.38050961494446], "(1000, [0, 1, 2, 3, 4, 5, 6, 7, 8, 9, 10, 11], 30)": [0.787768232570123, 0.8376442193984985, 274.9361720085144], "(2500, [0], 10)": [0.831188397924203, 0.9578698873519897, 182.08331823349], "(2500, [0], 30)": [0.8407387010513062, 0.5908710360527039, 236.97725129127502], "(2500, [0, 1, 2, 3, 4, 5, 6, 7, 8, 9, 10, 11], 10)": [0.6957918608762005, 0.7386527061462402, 207.2805516719818], "(2500, [0, 1, 2, 3, 4, 5, 6, 7, 8, 9, 10, 11], 30)": [0.8138485702750035, 0.6515487432479858, 309.403160572052], "(5000, [0], 10)": [0.7743972524700918, 0.8752267360687256, 211.46420788764954], "(5000, [0], 30)": [0.833374429262569, 0.6456049084663391, 338.28630328178406], "(5000, [0, 1, 2, 3, 4, 5, 6, 7, 8, 9, 10, 11], 10)": [0.7783776542659148, 0.8682663440704346, 237.05001878738403], "(5000, [0, 1, 2, 3, 4, 5, 6, 7, 8, 9, 10, 11], 30)": [0.8097052196409288, 0.5778821706771851, 331.23030948638916], "(7000, [0], 10)": [0.6870679792776739, 0.7253025770187378, 260.9155991077423], "(7000, [0], 30)": [0.8250840784521182, 0.596919059753418, 312.7768874168396], "(7000, [0, 1, 2, 3, 4, 5, 6, 7, 8, 9, 10, 11], 10)": [0.7634793490617966, 0.47541695833206177, 299.3315706253052], "(7000, [0, 1, 2, 3, 4, 5, 6, 7, 8, 9, 10, 11], 30)": [0.8393262944620333, 0.4023467004299164, 330.0230383872986], "(10000, [0], 10)": [0.8503131387928996, 0.5397892594337463, 282.4611611366272], "(10000, [0], 30)": [0.8489901889133442, 0.5010064840316772, 505.9848663806915], "(10000, [0, 1, 2, 3, 4, 5, 6, 7, 8, 9, 10, 11], 10)": [0.8447246671538275, 0.5711098909378052, 348.56803464889526], "(10000, [0, 1, 2, 3, 4, 5, 6, 7, 8, 9, 10, 11], 30)": [0.8489719359073296, 0.3284730017185211, 519.2529945373535]}