{"(500, [0], 10)": [0.5712832633713287, 0.6855925917625427, 181.55942487716675], "(500, [0], 30)": [0.7389009317671379, 0.9357309937477112, 231.86519312858582], "(500, [0, 1, 2, 3, 4, 5, 6, 7, 8, 9, 10, 11], 10)": [0.7294277559689354, 0.8244186639785767, 180.76680493354797], "(500, [0, 1, 2, 3, 4, 5, 6, 7, 8, 9, 10, 11], 30)": [0.759590608946839, 0.6062132120132446, 276.5936985015869], "(1000, [0], 10)": [0.7760012717956087, 0.6816080212593079, 183.31097960472107], "(1000, [0], 30)": [0.7648186867927217, 0.6892842650413513, 273.53708600997925], "(1000, [0, 1, 2, 3, 4, 5, 6, 7, 8, 9, 10, 11], 10)": [0.6519100983413809, 0.8945911526679993, 184.4456102848053], "(1000, [0, 1, 2, 3, 4, 5, 6, 7, 8, 9, 10, 11], 30)": [0.7833588482029866, 0.8593022227287292, 217.96621441841125], "(2500, [0], 10)": [0.8409301407671416, 0.5789426565170288, 179.83412528038025], "(2500, [0], 30)": [0.8146181027050149, 0.887954592704773, 235.05845880508423], "(2500, [0, 1, 2, 3, 4, 5, 6, 7, 8, 9, 10, 11], 10)": [0.733401558602584, 0.7442724108695984, 193.17413640022278], "(2500, [0, 1, 2, 3, 4, 5, 6, 7, 8, 9, 10, 11], 30)": [0.8265550402760923, 0.5432459115982056, 213.1764941215515], "(5000, [0], 10)": [0.8520994954591724, 0.3512825667858124, 216.67944765090942], "(5000, [0], 30)": [0.8528484396541941, 0.6872361302375793, 325.84600925445557], "(5000, [0, 1, 2, 3, 4, 5, 6, 7, 8, 9, 10, 11], 10)": [0.7814173164330356, 0.6376509666442871, 240.79708075523376], "(5000, [0, 1, 2, 3, 4, 5, 6, 7, 8, 9, 10, 11], 30)": [0.7467482778098881, 0.9594265818595886, 337.479939699173], "(7000, [0], 10)": [0.7304778297409505, 0.43216392397880554, 254.41810059547424], "(7000, [0], 30)": [0.8548739808570693, 0.5308213233947754, 406.51336789131165], "(7000, [0, 1, 2, 3, 4, 5, 6, 7, 8, 9, 10, 11], 10)": [0.8071772187013114, 0.6394267678260803, 285.6365957260132], "(7000, [0, 1, 2, 3, 4, 5, 6, 7, 8, 9, 10, 11], 30)": [0.8522113049075131, 0.44089895486831665, 316.78596544265747], "(10000, [0], 10)": [0.8579369496358913, 0.4617598354816437, 287.8296468257904], "(10000, [0], 30)": [0.8294252374488388, 0.6430630683898926, 689.242693901062], "(10000, [0, 1, 2, 3, 4, 5, 6, 7, 8, 9, 10, 11], 10)": [0.820100657548545, 0.4486081004142761, 341.58645701408386], "(10000, [0, 1, 2, 3, 4, 5, 6, 7, 8, 9, 10, 11], 30)": [0.8676412897692521, 0.6206533312797546, 884.4050431251526]}