{"(500, [0], 10)": [0.6553675336497874, 0.8962820768356323, 189.31154131889343], "(500, [0], 30)": [0.7682322191308949, 0.7298378944396973, 315.6516134738922], "(500, [0, 1, 2, 3, 4, 5, 6, 7, 8, 9, 10, 11], 10)": [0.6116317765758859, 0.5921556949615479, 191.2538185119629], "(500, [0, 1, 2, 3, 4, 5, 6, 7, 8, 9, 10, 11], 30)": [0.769975220067778, 0.7330273389816284, 316.64202404022217], "(1000, [0], 10)": [0.25215526672793315, 1.0812753438949585, 127.06334352493286], "(1000, [0], 30)": [0.7858438125969384, 0.7876482009887695, 232.53894352912903], "(1000, [0, 1, 2, 3, 4, 5, 6, 7, 8, 9, 10, 11], 10)": [0.7370235674255793, 0.7474943995475769, 180.92522859573364], "(1000, [0, 1, 2, 3, 4, 5, 6, 7, 8, 9, 10, 11], 30)": [0.7984380031150705, 0.7144396305084229, 216.89122581481934], "(2500, [0], 10)": [0.7199269208410267, 1.0180714130401611, 184.26194429397583], "(2500, [0], 30)": [0.8325845248390653, 0.6852019429206848, 240.16512060165405], "(2500, [0, 1, 2, 3, 4, 5, 6, 7, 8, 9, 10, 11], 10)": [0.25210084033613445, 1.0811690092086792, 155.70951437950134], "(2500, [0, 1, 2, 3, 4, 5, 6, 7, 8, 9, 10, 11], 30)": [0.8372411012434956, 0.516632616519928, 289.56242060661316], "(5000, [0], 10)": [0.25204639964981396, 1.0818613767623901, 147.93390369415283], "(5000, [0], 30)": [0.8197052617347657, 0.9635049104690552, 335.0343699455261], "(5000, [0, 1, 2, 3, 4, 5, 6, 7, 8, 9, 10, 11], 10)": [0.8371180362411437, 0.6422948837280273, 237.1518428325653], "(5000, [0, 1, 2, 3, 4, 5, 6, 7, 8, 9, 10, 11], 30)": [0.8468989054041126, 0.5188149213790894, 420.9207012653351], "(7000, [0], 10)": [0.8452727413200197, 0.5013049244880676, 259.0749673843384], "(7000, [0], 30)": [0.857694810208392, 0.7466673851013184, 411.05938148498535], "(7000, [0, 1, 2, 3, 4, 5, 6, 7, 8, 9, 10, 11], 10)": [0.8311386082267367, 0.38091591000556946, 295.4597749710083], "(7000, [0, 1, 2, 3, 4, 5, 6, 7, 8, 9, 10, 11], 30)": [0.8620925172285553, 0.3642878532409668, 499.666207075119], "(10000, [0], 10)": [0.8133472737788375, 0.6262008547782898, 279.4024226665497], "(10000, [0], 30)": [0.8551764045996246, 0.39682677388191223, 475.08577585220337], "(10000, [0, 1, 2, 3, 4, 5, 6, 7, 8, 9, 10, 11], 10)": [0.8611193672746723, 0.9303755760192871, 338.22479915618896], "(10000, [0, 1, 2, 3, 4, 5, 6, 7, 8, 9, 10, 11], 30)": [0.8573946089317683, 0.8589540123939514, 438.4261882305145]}