{"(100, 1)": [0.21653696618561594, 1.0691583156585693, 53.0136821269989], "(100, 12)": [0.7250529889659677, 0.7587721943855286, 98.74736881256104], "(300, 1)": [0.7837812433073742, 0.41340652108192444, 197.35461592674255], "(300, 12)": [0.8019837471558585, 0.4856347143650055, 262.2381823062897], "(500, 1)": [0.8438912450494914, 0.37298280000686646, 296.81890654563904], "(500, 12)": [0.8405412669223531, 0.3460628092288971, 318.6190996170044], "(700, 1)": [0.8597714922431096, 0.8536373376846313, 422.32811546325684], "(700, 12)": [0.8452799690976455, 0.8750978708267212, 510.1512758731842]}