{"(100, 1)": [0.7451088118786374, 0.6861336827278137, 119.74394154548645], "(100, 12)": [0.7535062421994069, 0.8724597096443176, 97.41778588294983], "(300, 1)": [0.8125834744488607, 0.7629784941673279, 182.53387832641602], "(300, 12)": [0.8358297256909104, 0.8322271108627319, 230.29401302337646], "(500, 1)": [0.8298092632078834, 0.4142155051231384, 334.195188999176], "(500, 12)": [0.836030863162863, 0.7650383710861206, 338.65058636665344], "(700, 1)": [0.848783317700469, 0.5532624125480652, 369.5756130218506], "(700, 12)": [0.8692060244088267, 0.5004944801330566, 563.2747552394867]}