{"(500, [0], 10)": [0.6650190247321763, 0.8714985251426697, 181.86575555801392], "(500, [0], 30)": [0.7614626704043396, 0.7398619651794434, 359.893741607666], "(500, [0, 1, 2, 3, 4, 5, 6, 7, 8, 9, 10, 11], 10)": [0.7374138498114756, 0.6417303681373596, 184.07286286354065], "(500, [0, 1, 2, 3, 4, 5, 6, 7, 8, 9, 10, 11], 30)": [0.7121831466993953, 0.7904284000396729, 238.29808068275452], "(1000, [0], 10)": [0.6876484403345016, 0.7782926559448242, 192.92487621307373], "(1000, [0], 30)": [0.7901960718917919, 0.714959979057312, 283.18400144577026], "(1000, [0, 1, 2, 3, 4, 5, 6, 7, 8, 9, 10, 11], 10)": [0.7990236054209229, 0.5752866268157959, 194.16556239128113], "(1000, [0, 1, 2, 3, 4, 5, 6, 7, 8, 9, 10, 11], 30)": [0.7617960666658122, 0.6488018035888672, 265.8381018638611], "(2500, [0], 10)": [0.8396640310412075, 0.7345390319824219, 177.83785200119019], "(2500, [0], 30)": [0.8287759205861746, 0.704292893409729, 213.46032094955444], "(2500, [0, 1, 2, 3, 4, 5, 6, 7, 8, 9, 10, 11], 10)": [0.8376483314068608, 0.42485493421554565, 198.4527943134308], "(2500, [0, 1, 2, 3, 4, 5, 6, 7, 8, 9, 10, 11], 30)": [0.8345248634628816, 0.3833097815513611, 338.54512906074524], "(5000, [0], 10)": [0.8062230202667703, 0.5243192911148071, 216.52801299095154], "(5000, [0], 30)": [0.8377902507023759, 0.6931898593902588, 335.33573722839355], "(5000, [0, 1, 2, 3, 4, 5, 6, 7, 8, 9, 10, 11], 10)": [0.8337370380085337, 0.5939775109291077, 236.74326395988464], "(5000, [0, 1, 2, 3, 4, 5, 6, 7, 8, 9, 10, 11], 30)": [0.8450524167238749, 0.41004517674446106, 355.3857202529907], "(7000, [0], 10)": [0.858131171478985, 0.6757148504257202, 258.1923978328705], "(7000, [0], 30)": [0.8573063567409583, 0.3252766728401184, 285.999929189682], "(7000, [0, 1, 2, 3, 4, 5, 6, 7, 8, 9, 10, 11], 10)": [0.8431700730581689, 0.9581308960914612, 298.27020621299744], "(7000, [0, 1, 2, 3, 4, 5, 6, 7, 8, 9, 10, 11], 30)": [0.8363477173739052, 0.47663602232933044, 388.17917943000793], "(10000, [0], 10)": [0.7943181143386946, 0.9423230290412903, 281.7371172904968], "(10000, [0], 30)": [0.8514830336410327, 0.5057206749916077, 508.6971814632416], "(10000, [0, 1, 2, 3, 4, 5, 6, 7, 8, 9, 10, 11], 10)": [0.839639217817148, 0.431955486536026, 355.3938488960266], "(10000, [0, 1, 2, 3, 4, 5, 6, 7, 8, 9, 10, 11], 30)": [0.25210084033613445, 1.0813567638397217, 280.64491081237793]}