{"(500, [0], 10)": [0.7477551323267101, 0.8064156770706177, 183.02280926704407], "(500, [0], 30)": [0.7636421622508766, 0.7038648724555969, 342.7987895011902], "(500, [0, 1, 2, 3, 4, 5, 6, 7, 8, 9, 10, 11], 10)": [0.6316572989019731, 0.7279473543167114, 182.13999843597412], "(500, [0, 1, 2, 3, 4, 5, 6, 7, 8, 9, 10, 11], 30)": [0.7675114737951212, 0.6497355103492737, 292.91551637649536], "(1000, [0], 10)": [0.7809216648384815, 0.5698807239532471, 190.8830282688141], "(1000, [0], 30)": [0.7954851131794928, 0.5871120095252991, 248.86197662353516], "(1000, [0, 1, 2, 3, 4, 5, 6, 7, 8, 9, 10, 11], 10)": [0.7488291317703917, 0.812588095664978, 194.1462926864624], "(1000, [0, 1, 2, 3, 4, 5, 6, 7, 8, 9, 10, 11], 30)": [0.781354991950762, 0.5365289449691772, 235.40808248519897], "(2500, [0], 10)": [0.8227796733329713, 0.46362295746803284, 179.59582090377808], "(2500, [0], 30)": [0.8089070097723087, 0.5369266271591187, 199.46305918693542], "(2500, [0, 1, 2, 3, 4, 5, 6, 7, 8, 9, 10, 11], 10)": [0.780237095818153, 0.7755789756774902, 203.00414633750916], "(2500, [0, 1, 2, 3, 4, 5, 6, 7, 8, 9, 10, 11], 30)": [0.8379074051569613, 0.42478442192077637, 266.18304657936096], "(5000, [0], 10)": [0.8447397561648274, 0.494941771030426, 211.9927053451538], "(5000, [0], 30)": [0.8491061261578506, 0.5575860142707825, 315.3386971950531], "(5000, [0, 1, 2, 3, 4, 5, 6, 7, 8, 9, 10, 11], 10)": [0.8605887120568173, 0.6984702348709106, 238.3908932209015], "(5000, [0, 1, 2, 3, 4, 5, 6, 7, 8, 9, 10, 11], 30)": [0.8384892797665069, 0.5419589877128601, 377.7641851902008], "(7000, [0], 10)": [0.8426333897152375, 0.9551726579666138, 260.8599441051483], "(7000, [0], 30)": [0.8580023910684492, 0.3401432931423187, 416.6499183177948], "(7000, [0, 1, 2, 3, 4, 5, 6, 7, 8, 9, 10, 11], 10)": [0.8544779629481926, 0.3854598104953766, 299.5169343948364], "(7000, [0, 1, 2, 3, 4, 5, 6, 7, 8, 9, 10, 11], 30)": [0.8552128011312687, 0.7486882209777832, 535.1840908527374], "(10000, [0], 10)": [0.6187995632451844, 0.8131523132324219, 282.10477352142334], "(10000, [0], 30)": [0.8510994799029511, 0.5239190459251404, 448.8280680179596], "(10000, [0, 1, 2, 3, 4, 5, 6, 7, 8, 9, 10, 11], 10)": [0.7750675030872577, 0.45946842432022095, 341.2810072898865], "(10000, [0, 1, 2, 3, 4, 5, 6, 7, 8, 9, 10, 11], 30)": [0.72218267414644, 0.963831901550293, 580.4963006973267]}