{"(100, 1)": [0.7579014951670623, 1.0057041645050049, 126.98056864738464], "(100, 12)": [0.7408264740617949, 0.918662428855896, 138.7279326915741], "(300, 1)": [0.8142842649461045, 0.5003935098648071, 170.55132675170898], "(300, 12)": [0.8245181541018237, 0.43389764428138733, 278.4469177722931], "(500, 1)": [0.8625387075890139, 0.37592774629592896, 296.29873299598694], "(500, 12)": [0.864608495902444, 0.5339259505271912, 578.0742628574371], "(700, 1)": [0.8691706988484246, 0.4550885260105133, 432.5496315956116], "(700, 12)": [0.8418066833328856, 0.5680404901504517, 418.6958565711975]}