{"(500, [0], 10)": [0.4252577155003105, 0.9871038198471069, 180.44004273414612], "(500, [0], 30)": [0.7171980289242516, 0.7709524631500244, 270.21216106414795], "(500, [0, 1, 2, 3, 4, 5, 6, 7, 8, 9, 10, 11], 10)": [0.6910908452271611, 0.6370107531547546, 184.11117458343506], "(500, [0, 1, 2, 3, 4, 5, 6, 7, 8, 9, 10, 11], 30)": [0.7605062741481737, 0.6290348172187805, 319.89940094947815], "(1000, [0], 10)": [0.7895479370748387, 0.6462174654006958, 193.15422534942627], "(1000, [0], 30)": [0.7831994825601809, 0.6470746994018555, 266.42165064811707], "(1000, [0, 1, 2, 3, 4, 5, 6, 7, 8, 9, 10, 11], 10)": [0.784903471421574, 0.7279092669487, 196.43208503723145], "(1000, [0, 1, 2, 3, 4, 5, 6, 7, 8, 9, 10, 11], 30)": [0.7953536431675775, 0.4443930685520172, 272.0941984653473], "(2500, [0], 10)": [0.8246589416525647, 0.7500969171524048, 179.32626819610596], "(2500, [0], 30)": [0.8453654701464869, 0.4700518846511841, 302.9491436481476], "(2500, [0, 1, 2, 3, 4, 5, 6, 7, 8, 9, 10, 11], 10)": [0.7796657126243324, 0.538707971572876, 201.39623928070068], "(2500, [0, 1, 2, 3, 4, 5, 6, 7, 8, 9, 10, 11], 30)": [0.14753918667105118, 1.0815653800964355, 181.95386409759521], "(5000, [0], 10)": [0.7793400121369233, 0.9701517224311829, 211.14189171791077], "(5000, [0], 30)": [0.844460792576645, 0.7775159478187561, 336.3681197166443], "(5000, [0, 1, 2, 3, 4, 5, 6, 7, 8, 9, 10, 11], 10)": [0.8518717999638011, 0.44681647419929504, 237.35852217674255], "(5000, [0, 1, 2, 3, 4, 5, 6, 7, 8, 9, 10, 11], 30)": [0.8414410356627018, 0.3897418677806854, 355.95216965675354], "(7000, [0], 10)": [0.8111387136769469, 0.5747488141059875, 260.495507478714], "(7000, [0], 30)": [0.8549610186202531, 0.38687965273857117, 338.58350253105164], "(7000, [0, 1, 2, 3, 4, 5, 6, 7, 8, 9, 10, 11], 10)": [0.8210847437998297, 0.5966559052467346, 298.11736392974854], "(7000, [0, 1, 2, 3, 4, 5, 6, 7, 8, 9, 10, 11], 30)": [0.8208627490808942, 0.644361138343811, 327.3234565258026], "(10000, [0], 10)": [0.804690410360478, 0.6827432513237, 282.5586848258972], "(10000, [0], 30)": [0.8568567525873774, 0.7697928547859192, 448.53450298309326], "(10000, [0, 1, 2, 3, 4, 5, 6, 7, 8, 9, 10, 11], 10)": [0.8439586128063133, 0.891948401927948, 341.86349511146545], "(10000, [0, 1, 2, 3, 4, 5, 6, 7, 8, 9, 10, 11], 30)": [0.8629106821380791, 0.35354602336883545, 681.3345227241516]}