{"run_outputs": [{"run_configuration": {"leads": [0, 1, 2, 3, 4, 5, 6, 7, 8, 9, 10, 11], "fraction_of_train": 0.2, "balance_train_samples": true, "num_of_batches_test_val": 300, "num_of_batches_train": 600, "record_len": 5000}, "f1_score_macro": {"train": 0.7737028381622935, "val": 0.7238777511815444, "test": 0.6761345732525781}, "f1_score_weighted": {"train": 0.8588811250992595, "val": 0.8419261099468924, "test": 0.8241251176186811}, "auc_macro": {"train": 0.935863045465938, "val": 0.8969203497749264, "test": 0.8768726594558496}, "auc_weighted": {"train": 0.9278218821274685, "val": 0.9002080203140446, "test": 0.8902611426963142}, "aurpc_macro": {"train": 0.8334508637566445, "val": 0.7391343705769717, "test": 0.6998833568162004}}]}