{"no_redundant_f1s": [0.8528206219196539, 0.8534815399827073, 0.8512223116497672, 0.8577227611348578, 0.8562910743956346, 0.8532350385760488, 0.8549783480291672, 0.8561394888446788, 0.8547671026080393, 0.8555357363223038], "redundant_f1s": [0.8551055944582369, 0.8531598729083544, 0.8542646584490253, 0.8548493113198647, 0.8518476030128049, 0.8563224217871555, 0.8532642459287008, 0.8514297275370958, 0.8514091927380605, 0.8540991981581589], "p": 0.3074894566186813}